個別商品名,管理番号,カテゴリ,業者名,保管場所,単位,現在庫,適正在庫 平日,適正在庫 土日,発注点,単価,メモ
エンダイフ,FOOD-0001,野菜,フレッシュ生果,,pac,0,0,0,0,1080.0,内容量: 1pac / g単価: 1080 / シート: フレッシュ青果、ベジルーム、丹波リーフ、ハピベジ
シブレット,FOOD-0002,野菜,フレッシュ生果,,pac,0,0,0,0,298.0,内容量: 1pac / g単価: 298 / シート: フレッシュ青果、ベジルーム、丹波リーフ、ハピベジ
ロメインレタス,FOOD-0003,野菜,フレッシュ生果,,束,0,0,0,0,1100.0,内容量: 1000g / g単価: 1.1 / シート: フレッシュ青果、ベジルーム、丹波リーフ、ハピベジ
ムキ赤玉ねぎ,FOOD-0004,野菜,フレッシュ生果,,pac,0,0,0,0,318.0,内容量: 1000g / g単価: 0.318 / シート: フレッシュ青果、ベジルーム、丹波リーフ、ハピベジ
茄子,FOOD-0005,野菜,フレッシュ生果,,本,0,0,0,0,118.0,内容量: 1本 / g単価: 118 / シート: フレッシュ青果、ベジルーム、丹波リーフ、ハピベジ
トマト,FOOD-0006,野菜,フレッシュ生果,,玉,0,0,0,0,148.0,内容量: 1玉 / g単価: 148 / シート: フレッシュ青果、ベジルーム、丹波リーフ、ハピベジ
黄色パプリカ,FOOD-0007,野菜,フレッシュ生果,,個,0,0,0,0,278.0,内容量: 1個 / g単価: 278 / シート: フレッシュ青果、ベジルーム、丹波リーフ、ハピベジ
赤色パプリカ,FOOD-0008,野菜,フレッシュ生果,,個,0,0,0,0,278.0,内容量: 1個 / g単価: 278 / シート: フレッシュ青果、ベジルーム、丹波リーフ、ハピベジ
芽キャベツ,FOOD-0009,野菜,フレッシュ生果,,個,0,0,0,0,450.0,内容量: 1個 / g単価: 450 / シート: フレッシュ青果、ベジルーム、丹波リーフ、ハピベジ
ズッキーニ,FOOD-0010,野菜,フレッシュ生果,,本,0,0,0,0,278.0,内容量: 1本 / g単価: 278 / 1本200g / シート: フレッシュ青果、ベジルーム、丹波リーフ、ハピベジ
青唐辛子,FOOD-0011,野菜,フレッシュ生果,,g,0,0,0,0,7180.0,内容量: 1000g / g単価: 7.18 / シート: フレッシュ青果、ベジルーム、丹波リーフ、ハピベジ
青紫蘇,FOOD-0012,野菜,フレッシュ生果,,pac,0,0,0,0,98.0,内容量: 1pac / g単価: 98 / シート: フレッシュ青果、ベジルーム、丹波リーフ、ハピベジ
カリフラワー,FOOD-0013,野菜,フレッシュ生果,,束,0,0,0,0,250.0,内容量: 1束 / g単価: 250 / シート: フレッシュ青果、ベジルーム、丹波リーフ、ハピベジ
ホワイトアスパラ,FOOD-0014,野菜,フレッシュ生果,,本,0,0,0,0,65.0,内容量: 1本 / g単価: 65 / シート: フレッシュ青果、ベジルーム、丹波リーフ、ハピベジ
玉ねぎ,FOOD-0015,野菜,フレッシュ生果,,g,0,0,0,0,418.0,内容量: 1300g / g単価: 0.3215 / シート: フレッシュ青果、ベジルーム、丹波リーフ、ハピベジ
人参,FOOD-0016,野菜,フレッシュ生果,,ケース,0,0,0,0,1600.0,内容量: 1ケース / g単価: 1600 / シート: フレッシュ青果、ベジルーム、丹波リーフ、ハピベジ
セロリ,FOOD-0017,野菜,フレッシュ生果,,個,0,0,0,0,150.0,内容量: 1個 / g単価: 150 / シート: フレッシュ青果、ベジルーム、丹波リーフ、ハピベジ
丸ミョウガ,FOOD-0018,野菜,フレッシュ生果,,本,0,0,0,0,368.0,内容量: 3本 / g単価: 122.6667 / 1本20g / シート: フレッシュ青果、ベジルーム、丹波リーフ、ハピベジ
インカのめざめ,FOOD-0019,野菜,フレッシュ生果,,個,0,0,0,0,300.0,内容量: 1個 / g単価: 300 / シート: フレッシュ青果、ベジルーム、丹波リーフ、ハピベジ
大根,FOOD-0020,野菜,フレッシュ生果,,束,0,0,0,0,200.0,内容量: 1束 / g単価: 200 / シート: フレッシュ青果、ベジルーム、丹波リーフ、ハピベジ
フリルレタス,FOOD-0021,野菜,フレッシュ生果,,個,0,0,0,0,188.0,内容量: 1個 / g単価: 188 / シート: フレッシュ青果、ベジルーム、丹波リーフ、ハピベジ
アボカド,FOOD-0022,野菜,フレッシュ生果,,pac,0,0,0,0,180.0,内容量: 1pac / g単価: 180 / シート: フレッシュ青果、ベジルーム、丹波リーフ、ハピベジ
きゅうり,FOOD-0023,野菜,フレッシュ生果,,g,0,0,0,0,118.0,内容量: 130g / g単価: 0.9077 / 1本約130g / シート: フレッシュ青果、ベジルーム、丹波リーフ、ハピベジ
なす,FOOD-0024,野菜,フレッシュ生果,,本,0,0,0,0,118.0,内容量: 1本 / g単価: 118 / シート: フレッシュ青果、ベジルーム、丹波リーフ、ハピベジ
紅芯大根,FOOD-0025,野菜,フレッシュ生果,,本,0,0,0,0,450.0,内容量: 1本 / g単価: 450 / シート: フレッシュ青果、ベジルーム、丹波リーフ、ハピベジ
パセリ,FOOD-0026,野菜,フレッシュ生果,,個,0,0,0,0,160.0,内容量: 1個 / g単価: 160 / シート: フレッシュ青果、ベジルーム、丹波リーフ、ハピベジ
レモン,FOOD-0027,果物,フレッシュ生果,,g,0,0,0,0,100.0,内容量: 100g / g単価: 1 / シート: フレッシュ青果、ベジルーム、丹波リーフ、ハピベジ
ニンニク（国産）,FOOD-0028,野菜,フレッシュ生果,,g,0,0,0,0,4280.0,内容量: 1000g / g単価: 4.28 / シート: フレッシュ青果、ベジルーム、丹波リーフ、ハピベジ
九条ネギ,FOOD-0029,野菜,フレッシュ生果,,pac,0,0,0,0,380.0,内容量: 1pac / g単価: 380 / シート: フレッシュ青果、ベジルーム、丹波リーフ、ハピベジ
レッドキャベツ千切り 1kgH,FOOD-0030,野菜,フレッシュ生果,,g,0,0,0,0,520.0,内容量: 1000g / g単価: 0.52 / シート: フレッシュ青果、ベジルーム、丹波リーフ、ハピベジ
サニーレタス,FOOD-0031,野菜,Vegeroom,,g,0,0,0,0,185.0,内容量: 300g / g単価: 0.6167 / 1束約300g / シート: フレッシュ青果、ベジルーム、丹波リーフ、ハピベジ
ロメインレタス,FOOD-0032,野菜,Vegeroom,,束,0,0,0,0,190.0,内容量: 1束 / g単価: 190 / シート: フレッシュ青果、ベジルーム、丹波リーフ、ハピベジ
ケール,FOOD-0033,野菜,Vegeroom,,束,0,0,0,0,350.0,内容量: 1束 / g単価: 350 / シート: フレッシュ青果、ベジルーム、丹波リーフ、ハピベジ
リーフトマト,FOOD-0034,野菜,Vegeroom,,ケース,0,0,0,0,950.0,内容量: 1ケース / g単価: 950 / シート: フレッシュ青果、ベジルーム、丹波リーフ、ハピベジ
スーパーブロッコリースプラウト,FOOD-0035,野菜,Vegeroom,,g,0,0,0,0,185.0,内容量: 50g / g単価: 3.7 / シート: フレッシュ青果、ベジルーム、丹波リーフ、ハピベジ
トマト,FOOD-0036,野菜,Vegeroom,,g,0,0,0,0,135.0,内容量: 180g / g単価: 0.75 / 1玉分 / シート: フレッシュ青果、ベジルーム、丹波リーフ、ハピベジ
アボカド,FOOD-0037,野菜,Vegeroom,,玉,0,0,0,0,3500.0,内容量: 24玉 / g単価: 145.8333 / シート: フレッシュ青果、ベジルーム、丹波リーフ、ハピベジ
カリフラワー,FOOD-0038,野菜,Vegeroom,,玉,0,0,0,0,125.0,内容量: 1玉 / g単価: 125 / シート: フレッシュ青果、ベジルーム、丹波リーフ、ハピベジ
レンコン,FOOD-0039,野菜,Vegeroom,,g,0,0,0,0,1400.0,内容量: 1000g / g単価: 1.4 / シート: フレッシュ青果、ベジルーム、丹波リーフ、ハピベジ
人参,FOOD-0040,野菜,Vegeroom,,g,0,0,0,0,240.0,内容量: 1000g / g単価: 0.24 / シート: フレッシュ青果、ベジルーム、丹波リーフ、ハピベジ
インカのめざめ,FOOD-0041,野菜,Vegeroom,,g,0,0,0,0,800.0,内容量: 1000g / g単価: 0.8 / シート: フレッシュ青果、ベジルーム、丹波リーフ、ハピベジ
さつまいも,FOOD-0042,野菜,Vegeroom,,本,0,0,0,0,300.0,内容量: 1本 / g単価: 300 / シート: フレッシュ青果、ベジルーム、丹波リーフ、ハピベジ
万願寺とうがらし,FOOD-0043,野菜,Vegeroom,,g,0,0,0,0,1400.0,内容量: 1000g / g単価: 1.4 / シート: フレッシュ青果、ベジルーム、丹波リーフ、ハピベジ
白ネギ,FOOD-0044,野菜,Vegeroom,,束,0,0,0,0,240.0,内容量: 1束 / g単価: 240 / シート: フレッシュ青果、ベジルーム、丹波リーフ、ハピベジ
かぶら,FOOD-0045,野菜,Vegeroom,,玉,0,0,0,0,90.0,内容量: 1玉 / g単価: 90 / シート: フレッシュ青果、ベジルーム、丹波リーフ、ハピベジ
九条ネギ,FOOD-0046,野菜,Vegeroom,,pac,0,0,0,0,260.0,内容量: 1pac / g単価: 260 / シート: フレッシュ青果、ベジルーム、丹波リーフ、ハピベジ
ライム,FOOD-0047,果物,Vegeroom,,玉,0,0,0,0,150.0,内容量: 1玉 / g単価: 150 / シート: フレッシュ青果、ベジルーム、丹波リーフ、ハピベジ
国産レモン,FOOD-0048,果物,Vegeroom,,玉,0,0,0,0,120.0,内容量: 1玉 / g単価: 120 / シート: フレッシュ青果、ベジルーム、丹波リーフ、ハピベジ
ミント,FOOD-0049,野菜,Vegeroom,,pac,0,0,0,0,350.0,内容量: 1pac / g単価: 350 / シート: フレッシュ青果、ベジルーム、丹波リーフ、ハピベジ
タイム,FOOD-0050,野菜,Vegeroom,,pac,0,0,0,0,150.0,内容量: 1pac / g単価: 150 / シート: フレッシュ青果、ベジルーム、丹波リーフ、ハピベジ
ディル,FOOD-0051,野菜,Vegeroom,,g,0,0,0,0,190.0,内容量: 15g / g単価: 12.6667 / 1p / シート: フレッシュ青果、ベジルーム、丹波リーフ、ハピベジ
アサリ,FOOD-0052,野菜,Vegeroom,,g,0,0,0,0,1350.0,内容量: 1000g / g単価: 1.35 / シート: フレッシュ青果、ベジルーム、丹波リーフ、ハピベジ
エンダイフ,FOOD-0053,野菜,Vegeroom,,g,0,0,0,0,650.0,内容量: 350g / g単価: 1.8571 / シート: フレッシュ青果、ベジルーム、丹波リーフ、ハピベジ
淡路玉ねぎ,FOOD-0054,野菜,Vegeroom,,g,0,0,0,0,390.0,内容量: 1000g / g単価: 0.39 / シート: フレッシュ青果、ベジルーム、丹波リーフ、ハピベジ
河内晩柑,FOOD-0055,野菜,Vegeroom,,g,0,0,0,0,220.0,内容量: 350g / g単価: 0.6286 / シート: フレッシュ青果、ベジルーム、丹波リーフ、ハピベジ
ベビーリーフ,FOOD-0056,野菜,丹波リーフ,,g,0,0,0,0,550.0,内容量: 500g / g単価: 1.1 / シート: フレッシュ青果、ベジルーム、丹波リーフ、ハピベジ
苺,FOOD-0057,果物,Vegeroom,,pac,0,0,0,0,530.0,内容量: 1pac / g単価: 530 / シート: フレッシュ青果、ベジルーム、丹波リーフ、ハピベジ
伊予柑,FOOD-0058,野菜,Vegeroom,,玉,0,0,0,0,150.0,内容量: 1玉 / g単価: 150 / シート: フレッシュ青果、ベジルーム、丹波リーフ、ハピベジ
八朔,FOOD-0059,野菜,Vegeroom,,玉,0,0,0,0,160.0,内容量: 1玉 / g単価: 160 / シート: フレッシュ青果、ベジルーム、丹波リーフ、ハピベジ
日向夏,FOOD-0060,野菜,Vegeroom,,pac,0,0,0,0,500.0,内容量: 1pac / g単価: 500 / シート: フレッシュ青果、ベジルーム、丹波リーフ、ハピベジ
メロン,FOOD-0061,野菜,ハピベジ,,g,0,0,0,0,800.0,内容量: 1000g / g単価: 0.8 / 2Lサイズ / シート: フレッシュ青果、ベジルーム、丹波リーフ、ハピベジ
南高梅,FOOD-0062,野菜,ハピベジ,,g,0,0,0,0,1200.0,内容量: 1000g / g単価: 1.2 / シート: フレッシュ青果、ベジルーム、丹波リーフ、ハピベジ
河内晩柑,FOOD-0063,野菜,ハピベジ,,g,0,0,0,0,150.0,内容量: 300g / g単価: 0.5 / シート: フレッシュ青果、ベジルーム、丹波リーフ、ハピベジ
加工桃,FOOD-0064,野菜,ハピベジ,,g,0,0,0,0,1500.0,内容量: 1800g / g単価: 0.8333 / 皮剥き、種取した総量表記 / シート: フレッシュ青果、ベジルーム、丹波リーフ、ハピベジ
VPS ハモンセラーノスライス【100g袋】,FOOD-0065,資材,広栄,,g,0,0,0,0,460.0,内容量: 300g / g単価: 1.5333 / シート: 広栄、西原
マッケイン シェフレディ シューストリング１/4 4.5LBS,FOOD-0066,乾物,広栄,,g,0,0,0,0,970.0,内容量: 2040g / g単価: 0.4755 / シート: 広栄、西原
加藤精油 米サラダ油 16.5kg缶,FOOD-0067,乾物,広栄,,g,0,0,0,0,8625.0,内容量: 16500g / g単価: 0.5227 / シート: 広栄、西原
ペエスカリッチ 有頭腹開きうなぎ蒲焼き,FOOD-0068,乾物,広栄,,尾,0,0,0,0,850.0,内容量: 1尾 / g単価: 850 / シート: 広栄、西原
クリーミーサウザンアイランドドレ1LB,FOOD-0069,乾物,広栄,,ml,0,0,0,0,570.0,内容量: 1000ml / g単価: 0.57 / シート: 広栄、西原
シーザーサラダドレッシング,FOOD-0070,乾物,広栄,,ml,0,0,0,0,815.0,内容量: 1000ml / g単価: 0.81 / シート: 広栄、西原
マイユ 種入りマスタード【845g瓶】,FOOD-0071,乾物,広栄,,g,0,0,0,0,970.0,内容量: 845g / g単価: 1.1479 / シート: 広栄、西原
QBB クリームチーズ 1kg袋,FOOD-0072,資材,広栄,,g,0,0,0,0,1860.0,内容量: 1000g / g単価: 1.86 / シート: 広栄、西原
S&B ブラックペッパーホール（100g）,FOOD-0073,乾物,広栄,,g,0,0,0,0,315.0,内容量: 100g / g単価: 3.15 / シート: 広栄、西原
マルコメ生塩糀500g,FOOD-0074,乾物,広栄,,g,0,0,0,0,370.0,内容量: 500g / g単価: 0.74 / シート: 広栄、西原
S&Bターメリックパウダー220g缶,FOOD-0075,乾物,広栄,,g,0,0,0,0,735.0,内容量: 220g / g単価: 3.3409 / シート: 広栄、西原
ハインツ イエローマスタード,FOOD-0076,乾物,広栄,,g,0,0,0,0,460.0,内容量: 396g / g単価: 1.1616 / シート: 広栄、西原
出汁昆布,FOOD-0077,乾物,広栄,,g,0,0,0,0,3440.0,内容量: 1000g / g単価: 3.44 / シート: 広栄、西原
ケチャップ,FOOD-0078,乾物,広栄,,g,0,0,0,0,320.0,内容量: 1000g / g単価: 0.32 / シート: 広栄、西原
クッキングソルト,FOOD-0079,乾物,広栄,,g,0,0,0,0,215.0,内容量: 800g / g単価: 0.2687 / シート: 広栄、西原
ベトナム バナメイエビムキ,FOOD-0080,乾物,広栄,,g,0,0,0,0,2260.0,内容量: 1800g / g単価: 1.2556 / シート: 広栄、西原
西京白味噌 上撰,FOOD-0081,乾物,広栄,,g,0,0,0,0,315.0,内容量: 500g / g単価: 0.63 / シート: 広栄、西原
スイートピクルス,FOOD-0082,乾物,広栄,,g,0,0,0,0,480.0,内容量: 550g / g単価: 0.87 / シート: 広栄、西原
和歌山県産冷凍釜揚げしらす,FOOD-0083,冷凍物,広栄,,g,0,0,0,0,1160.0,内容量: 300g / g単価: 3.86 / シート: 広栄、西原
ケーパー,FOOD-0084,乾物,広栄,,g,0,0,0,0,990.0,内容量: 450g / g単価: 2.2 / シート: 広栄、西原
練りごま（白）カドヤ,FOOD-0085,乾物,広栄,,g,0,0,0,0,1200.0,内容量: 1000g / g単価: 1.2 / シート: 広栄、西原
S&B クミンシード,FOOD-0086,乾物,広栄,,g,0,0,0,0,280.0,内容量: 100g / g単価: 2.8 / シート: 広栄、西原
天狗缶詰 3種ミックス輸入豆,FOOD-0087,乾物,広栄,,g,0,0,0,0,790.0,内容量: 1000g / g単価: 0.79 / シート: 広栄、西原
富士甚醤油 冷凍かぼす果汁,FOOD-0088,冷凍物,広栄,,g,0,0,0,0,1890.0,内容量: 1000g / g単価: 1.89 / シート: 広栄、西原
鶏卵１０個パック,FOOD-0089,肉類,広栄,,個,0,0,0,0,225.0,内容量: 10個 / g単価: 22.5 / シート: 広栄、西原
ハウスギャバン 輪切り唐辛子,FOOD-0090,乾物,広栄,,g,0,0,0,0,635.0,内容量: 100g / g単価: 6.35 / シート: 広栄、西原
ミックスナッツ,FOOD-0091,乾物,広栄,,g,0,0,0,0,1430.0,内容量: 500g / g単価: 2.86 / シート: 広栄、西原
豚肩ロース,FOOD-0092,肉類,広栄,,g,0,0,0,0,1180.0,内容量: 1000g / g単価: 1.18 / シート: 広栄、西原
S&B クミンパウダー,FOOD-0093,乾物,広栄,,g,0,0,0,0,690.0,内容量: 200g / g単価: 3.45 / シート: 広栄、西原
スパイストッピングエスニック,FOOD-0094,乾物,広栄,,g,0,0,0,0,700.0,内容量: 100g / g単価: 7 / シート: 広栄、西原
ポンティ ワインビネガー白,FOOD-0095,乾物,広栄,,ml,0,0,0,0,370.0,内容量: 500ml / g単価: 0.74 / シート: 広栄、西原
三島 あま のり佃煮,FOOD-0096,乾物,広栄,,g,0,0,0,0,740.0,内容量: 520g / g単価: 1.42 / シート: 広栄、西原
S&B セレクトローレルホール,FOOD-0097,乾物,広栄,,g,0,0,0,0,425.0,内容量: 100g / g単価: 4.25 / シート: 広栄、西原
S&B ブラックペッパー 粗挽きL缶,FOOD-0098,乾物,広栄,,g,0,0,0,0,1165.0,内容量: 370g / g単価: 3.14 / シート: 広栄、西原
ベーグルプレーン レギュラーサイズ 約113g 6入りバスコフーズ,FOOD-0099,乾物,西原商会,,個,0,0,0,0,1050.0,内容量: 6個 / g単価: 175 / シート: 広栄、西原
ベーグルセサミ レギュラーサイズ 約113g 6入りバスコフーズ,FOOD-0100,乾物,西原商会,,個,0,0,0,0,1050.0,内容量: 6個 / g単価: 175 / シート: 広栄、西原
ベーグルポピー レギュラーサイズ 約113g 6入りバスコフーズ,FOOD-0101,乾物,西原商会,,個,0,0,0,0,1050.0,内容量: 6個 / g単価: 175 / シート: 広栄、西原
"リンゴ酢 1,8LHP ミツカン",FOOD-0102,乾物,西原商会,,ml,0,0,0,0,595.0,内容量: 1800ml / g単価: 0.3306 / シート: 広栄、西原
卵,FOOD-0103,乾物,西原商会,,個,0,0,0,0,4995.0,内容量: 152個 / g単価: 32.8618 / シート: 広栄、西原
とんかつソース,FOOD-0104,乾物,西原商会,,ml,0,0,0,0,660.0,内容量: 2100ml / g単価: 0.3143 / シート: 広栄、西原
エトナロック岩塩,FOOD-0105,乾物,西原商会,,g,0,0,0,0,2350.0,内容量: 1000g / g単価: 2.35 / シート: 広栄、西原
シラチャーレッド,FOOD-0106,乾物,西原商会,,g,0,0,0,0,580.0,内容量: 210g / g単価: 2.7619 / シート: 広栄、西原
ハイポーク ラード,FOOD-0107,乾物,西原商会,,g,0,0,0,0,480.0,内容量: 450g / g単価: 1.0667 / シート: 広栄、西原
フラワートルティーヤ,FOOD-0108,乾物,西原商会,,枚,0,0,0,0,550.0,内容量: 12枚 / g単価: 45.8333 / シート: 広栄、西原
チキンコンソメ,FOOD-0109,乾物,西原商会,,g,0,0,0,0,1820.0,内容量: 1000g / g単価: 1.82 / シート: 広栄、西原
シナモンパウダー,FOOD-0110,乾物,西原商会,,g,0,0,0,0,1400.0,内容量: 300g / g単価: 4.6667 / シート: 広栄、西原
ワインビネガー マイユ,FOOD-0111,乾物,西原商会,,ml,0,0,0,0,600.0,内容量: 500ml / g単価: 1.2 / シート: 広栄、西原
醤油濃口 キッコーマン,FOOD-0112,乾物,西原商会,,ml,0,0,0,0,600.0,内容量: 1800ml / g単価: 0.3333 / シート: 広栄、西原
だし醤油 キッコーマン,FOOD-0113,乾物,西原商会,,ml,0,0,0,0,950.0,内容量: 1800ml / g単価: 0.53 / シート: 広栄、西原
生わさび,FOOD-0114,乾物,西原商会,,g,0,0,0,0,960.0,内容量: 500g / g単価: 1.92 / シート: 広栄、西原
本みりん 割烹,FOOD-0115,乾物,西原商会,,ml,0,0,0,0,780.0,内容量: 1800ml / g単価: 0.43 / シート: 広栄、西原
ケチャップ,FOOD-0116,乾物,西原商会,,g,0,0,0,0,395.0,内容量: 1000g / g単価: 0.39 / シート: 広栄、西原
マヨネーズ,FOOD-0117,乾物,西原商会,,g,0,0,0,0,480.0,内容量: 1000g / g単価: 0.48 / シート: 広栄、西原
チリパウダー,FOOD-0118,乾物,西原商会,,g,0,0,0,0,1600.0,内容量: 450g / g単価: 3.55 / シート: 広栄、西原
マッシュポテト,FOOD-0119,冷凍物,西原商会,,g,0,0,0,0,1400.0,内容量: 1000g / g単価: 1.4 / シート: 広栄、西原
ドライイースト,FOOD-0120,乾物,西原商会,,g,0,0,0,0,1200.0,内容量: 500g / g単価: 2.4 / シート: 広栄、西原
塩昆布,FOOD-0121,乾物,西原商会,,g,0,0,0,0,1800.0,内容量: 500g / g単価: 3.6 / シート: 広栄、西原
米麹 石野味噌,FOOD-0122,乾物,西原商会,,g,0,0,0,0,2200.0,内容量: 1000g / g単価: 2.2 / シート: 広栄、西原
フライドガーリック,FOOD-0123,乾物,西原商会,,g,0,0,0,0,1310.0,内容量: 200g / g単価: 6.55 / シート: 広栄、西原
米 夢の一粒,FOOD-0124,乾物,西原商会,,g,0,0,0,0,4300.0,内容量: 5000g / g単価: 0.86 / シート: 広栄、西原
鶏もも肉,FOOD-0125,魚類,フィクス,,g,0,0,0,0,1900.0,内容量: 2000g / g単価: 0.95 / シート: フィクスシーフーズ、阪南水産
鱈,FOOD-0126,魚類,フィクス,,g,0,0,0,0,96.0,内容量: 60g / g単価: 1.6 / シート: フィクスシーフーズ、阪南水産
富士山サーモン,FOOD-0127,魚類,阪南水産,,g,0,0,0,0,2200.0,内容量: 1000g / g単価: 2.2 / シート: フィクスシーフーズ、阪南水産
火入れ用鮪,FOOD-0128,魚類,阪南水産,,g,0,0,0,0,1100.0,内容量: 1000g / g単価: 1.1 / シート: フィクスシーフーズ、阪南水産
ブリ,FOOD-0129,魚類,阪南水産,,g,0,0,0,0,2250.0,内容量: 1000g / g単価: 2.25 / 歩留800g / シート: フィクスシーフーズ、阪南水産
グラナパダーノパウダー,FOOD-0130,乾物,ヴォングスト,,g,0,0,0,0,3450.0,内容量: 1000g / g単価: 3.45 / シート: ヴォングスト
アンチョビ,FOOD-0131,魚類,ヴォングスト,,g,0,0,0,0,420.0,内容量: 60g / g単価: 7 / シート: ヴォングスト
燻製オイル,FOOD-0132,乾物,ヴォングスト,,ml,0,0,0,0,3500.0,内容量: 229ml / g単価: 15.2838 / シート: ヴォングスト
マグナム白,FOOD-0133,乾物,ヴォングスト,,ml,0,0,0,0,1150.0,内容量: 1500ml / g単価: 0.7667 / シート: ヴォングスト
マグナム赤,FOOD-0134,乾物,ヴォングスト,,ml,0,0,0,0,1150.0,内容量: 1500ml / g単価: 0.7667 / シート: ヴォングスト
トリュフペースト,FOOD-0135,乾物,ヴォングスト,,g,0,0,0,0,2640.0,内容量: 500g / g単価: 5.28 / シート: ヴォングスト
トリュフ,FOOD-0136,乾物,ヴォングスト,,g,0,0,0,0,8200.0,内容量: 500g / g単価: 16.4 / シート: ヴォングスト
セミドライトマト,FOOD-0137,野菜,ヴォングスト,,g,0,0,0,0,3650.0,内容量: 1000g / g単価: 3.65 / シート: ヴォングスト
ポルチーニパウダー,FOOD-0138,乾物,ヴォングスト,,g,0,0,0,0,2100.0,内容量: 100g / g単価: 21 / シート: ヴォングスト
トンマーゾ オリーブ黒,FOOD-0139,乾物,ヴォングスト,,g,0,0,0,0,1650.0,内容量: 550g / g単価: 3 / シート: ヴォングスト
トンマーゾ オリーブ緑,FOOD-0140,乾物,ヴォングスト,,g,0,0,0,0,1650.0,内容量: 550g / g単価: 3 / シート: ヴォングスト
鮎の魚醤,FOOD-0141,魚類,ヴォングスト,,ml,0,0,0,0,850.0,内容量: 100ml / g単価: 8.5 / シート: ヴォングスト
スパゲッティ（ザラ）,FOOD-0142,乾物,ヴォングスト,,g,0,0,0,0,2350.0,内容量: 5000g / g単価: 0.47 / シート: ヴォングスト
リングイネ（ザラ）,FOOD-0143,乾物,ヴォングスト,,g,0,0,0,0,280.0,内容量: 500g / g単価: 0.56 / シート: ヴォングスト
リガトーニ,FOOD-0144,乾物,ヴォングスト,,g,0,0,0,0,335.0,内容量: 500g / g単価: 0.67 / シート: ヴォングスト
グルテンフリーパスタ（ディベラ）,FOOD-0145,乾物,ヴォングスト,,g,0,0,0,0,480.0,内容量: 500g / g単価: 0.96 / シート: ヴォングスト
バルサミコ,FOOD-0146,乾物,ヴォングスト,,ml,0,0,0,0,2700.0,内容量: 250ml / g単価: 10.8 / シート: ヴォングスト
ホワイトバルサミコ,FOOD-0147,乾物,ヴォングスト,,ml,0,0,0,0,1960.0,内容量: 250ml / g単価: 7.84 / シート: ヴォングスト
カンポグランデ トマト缶,FOOD-0148,野菜,ヴォングスト,,g,0,0,0,0,875.0,内容量: 2500g / g単価: 0.35 / シート: ヴォングスト
ブレンドオイル（スタルツェ）,FOOD-0149,乾物,ヴォングスト,,ml,0,0,0,0,3000.0,内容量: 5000ml / g単価: 0.6 / シート: ヴォングスト
EXオイル（グランマエストロ）,FOOD-0150,乾物,ヴォングスト,,ml,0,0,0,0,6750.0,内容量: 5000ml / g単価: 1.35 / シート: ヴォングスト
ブルーベリー,FOOD-0151,果物,コストコ,,pac,0,0,0,0,1498.0,内容量: 1pac / g単価: 1498 / シート: コストコ
ブラックベリー,FOOD-0152,果物,コストコ,,pac,0,0,0,0,1298.0,内容量: 1pac / g単価: 1298 / シート: コストコ
ラズベリー,FOOD-0153,果物,コストコ,,pac,0,0,0,0,998.0,内容量: 1pac / g単価: 998 / シート: コストコ
キウイ,FOOD-0154,果物,コストコ,,玉,0,0,0,0,1998.0,内容量: 13玉 / g単価: 153.6923 / シート: コストコ
ネーブルオレンジ,FOOD-0155,果物,コストコ,,g,0,0,0,0,1298.0,内容量: 3600g / g単価: 0.3606 / シート: コストコ
舞茸,FOOD-0156,野菜,コストコ,,g,0,0,0,0,338.0,内容量: 500g / g単価: 0.676 / シート: コストコ
エリンギ,FOOD-0157,野菜,コストコ,,g,0,0,0,0,298.0,内容量: 500g / g単価: 0.596 / シート: コストコ
しめじ,FOOD-0158,野菜,コストコ,,g,0,0,0,0,399.0,内容量: 600g / g単価: 0.665 / シート: コストコ
ひらたけ,FOOD-0159,野菜,コストコ,,g,0,0,0,0,448.0,内容量: 400g / g単価: 1.12 / シート: コストコ
ロメインレタス,FOOD-0160,野菜,コストコ,,束,0,0,0,0,348.0,内容量: 2束 / g単価: 174 / シート: コストコ
ケール,FOOD-0161,乾物,コストコ,,pac,0,0,0,0,478.0,内容量: 1pac / g単価: 478 / シート: コストコ
アメリカンチェリー,FOOD-0162,乾物,コストコ,,g,0,0,0,0,1998.0,内容量: 907g / g単価: 2.2029 / シート: コストコ
クロワッサン,FOOD-0163,乾物,コストコ,,個,0,0,0,0,1198.0,内容量: 12個 / g単価: 99.8333 / シート: コストコ
ムーンダラクリームチーズ,FOOD-0164,乾物,コストコ,,g,0,0,0,0,1568.0,内容量: 1000g / g単価: 1.568 / シート: コストコ
オランダゴーダシュレッド,FOOD-0165,乾物,コストコ,,g,0,0,0,0,1398.0,内容量: 1000g / g単価: 1.398 / シート: コストコ
KSメープルシロップ,FOOD-0166,乾物,コストコ,,g,0,0,0,0,2198.0,内容量: 1329g / g単価: 1.6539 / シート: コストコ
KS HONEY 2KG,FOOD-0167,乾物,コストコ,,g,0,0,0,0,2088.0,内容量: 2000g / g単価: 1.044 / シート: コストコ
KS オーガニックココナッツオイル,FOOD-0168,乾物,コストコ,,個,0,0,0,0,3498.0,内容量: 2182個 / g単価: 1.6031 / シート: コストコ
和牛5等級ロース真空,FOOD-0169,肉類,コストコ,,g,0,0,0,0,13802.0,内容量: 2130g / g単価: 6.4798 / 2025.8 / シート: コストコ
イタリアンボルケーノ100%オーガニックレモンジュース,FOOD-0170,果物,コストコ,,ml,0,0,0,0,1938.0,内容量: 2000ml / g単価: 0.969 / シート: コストコ
三元豚 肩ピクニック,FOOD-0171,肉類,コストコ,,g,0,0,0,0,3037.0,内容量: 4200g / g単価: 0.7231 / シート: コストコ
ロメイン＆ケール,FOOD-0172,乾物,コストコ,,g,0,0,0,0,537.0,内容量: 1750g / g単価: 0.3069 / シート: コストコ
熊本製粉 米粉,FOOD-0194,肉類,池伝,,g,0,0,0,0,880.0,内容量: 2000g / g単価: 0.44 / シート: 池伝
ｱﾙﾌｧｰﾄﾞ 有機オーツフラワー,FOOD-0195,肉類,池伝,,g,0,0,0,0,1975.0,内容量: 2500g / g単価: 0.79 / シート: 池伝
ｱﾙﾌｧ 北海道コーンフラワー,FOOD-0196,肉類,池伝,,g,0,0,0,0,10600.0,内容量: 20000g / g単価: 0.53 / シート: 池伝
ﾊﾞﾘｰﾋﾟｽﾄｰﾙ ミ・アメール58％,FOOD-0197,肉類,池伝,,g,0,0,0,0,4800.0,内容量: 1000g / g単価: 4.8 / シート: 池伝
ｱﾙﾌｧ 有機シュガー,FOOD-0198,肉類,池伝,,g,0,0,0,0,14400.0,内容量: 25000g / g単価: 0.576 / シート: 池伝
有機オートミール,FOOD-0199,肉類,池伝,,g,0,0,0,0,13258.0,内容量: 22600g / g単価: 0.5866 / シート: 池伝
有機ジャックフルーツ,FOOD-0200,肉類,池伝,,g,0,0,0,0,416.0,内容量: 400g / g単価: 1.04 / シート: 池伝
有機ココナッツファイン,FOOD-0201,肉類,池伝,,g,0,0,0,0,1225.0,内容量: 1000g / g単価: 1.225 / シート: 池伝
有機ココナッツフレーク,FOOD-0202,肉類,池伝,,g,0,0,0,0,1260.0,内容量: 1000g / g単価: 1.26 / シート: 池伝
有機ひよこ豆,FOOD-0203,肉類,池伝,,g,0,0,0,0,11060.0,内容量: 11300g / g単価: 0.9788 / シート: 池伝
南の島豚ロース,FOOD-0204,肉類,山商,,g,0,0,0,0,4250.0,内容量: 1000g / g単価: 4.25 / 2026/3/30 5.1kg→4.3kg / シート: 山商、PFC、ヤマト
南の島豚バラ,FOOD-0205,肉類,山商,,g,0,0,0,0,1700.0,内容量: 1000g / g単価: 1.7 / シート: 山商、PFC、ヤマト
ソトヒラ,FOOD-0206,乾物,PFC,,g,0,0,0,0,3600.0,内容量: 1000g / g単価: 3.6 / 2026/3/7 13.6kg→7.4kg / シート: 山商、PFC、ヤマト
USソトヒラ,FOOD-0207,乾物,PFC,,g,0,0,0,0,2400.0,内容量: 1000g / g単価: 2.4 / 2026/3/23 8.14kg→4.94kg / シート: 山商、PFC、ヤマト
ベーコン,FOOD-0208,肉類,肉のヤマト,,g,0,0,0,0,1300.0,内容量: 1000g / g単価: 1.3 / シート: 山商、PFC、ヤマト
カンパーニュ,FOOD-0209,乾物,大港,,個,0,0,0,0,2700.0,内容量: 1個 / g単価: 2700 / シート: 大港食品、ブロカンティーク
黒糖バンズ,FOOD-0210,乾物,大港,,個,0,0,0,0,118.0,内容量: 1個 / g単価: 118 / シート: 大港食品、ブロカンティーク
デニッシュ食パン,FOOD-0211,乾物,大港,,個,0,0,0,0,1100.0,内容量: 1個 / g単価: 1100 / シート: 大港食品、ブロカンティーク
ハトムギ,FOOD-0212,乾物,Amazon,,g,0,0,0,0,2798.0,内容量: 1000g / g単価: 2.798 / 上がり2500g / シート: Amazon
茹でハトムギ,FOOD-0213,乾物,Amazon,,個,0,0,0,0,2798.0,g単価: 1.1192 / シート: Amazon
ﾊﾞｸﾞﾅﾑ ｼｬﾙﾄﾞﾈ (ﾌｫｰｽｳｪｲﾌﾞ･ﾜｲﾝ) 3L,FOOD-0214,酒類,小松屋→名畑,,ml,0,0,0,0,3150.0,内容量: 3000ml / g単価: 1.05 / シート: 名畑、小松屋
ﾊﾞｸﾞﾅﾑ ﾚｯﾄﾞﾌﾞﾚﾝﾄﾞ (ﾌｫｰｽｳｪｲﾌﾞ･ﾜｲﾝ) 3L,FOOD-0215,酒類,小松屋→名畑,,ml,0,0,0,0,3150.0,内容量: 3000ml / g単価: 1.05 / シート: 名畑、小松屋
D ﾏﾙｳﾞｧｼﾞｱ BIB 白 (ﾙﾅｰﾘｱ) 3L,FOOD-0216,酒類,小松屋,,ml,0,0,0,0,3430.0,内容量: 3000ml / g単価: 1.1433 / 現在使用なし / シート: 名畑、小松屋
D ﾓﾝﾃﾌﾟﾙﾁｱｰﾉ ﾀﾞﾌﾞﾙｯﾂｫ BIB 赤 (ﾙﾅｰﾘｱ) 3L,FOOD-0217,酒類,小松屋,,ml,0,0,0,0,3430.0,内容量: 3000ml / g単価: 1.1433 / 現在使用なし / シート: 名畑、小松屋
杯中至楽【ﾊｲﾁｭｳｼﾗｸ】白 (勝沼醸造) 750ml,FOOD-0218,酒類,小松屋,,ml,0,0,0,0,1548.0,内容量: 750ml / g単価: 2.064 / シート: 名畑、小松屋
杯中至楽【ﾊｲﾁｭｳｼﾗｸ】赤 (勝沼醸造) 750ml,FOOD-0219,酒類,小松屋,,ml,0,0,0,0,1548.0,内容量: 750ml / g単価: 2.064 / シート: 名畑、小松屋
まぜこぜﾜｲﾝ 白 (酒井ﾜｲﾅﾘｰ) 720ml,FOOD-0220,酒類,小松屋,,ml,0,0,0,0,2000.0,内容量: 720ml / g単価: 2.7778 / シート: 名畑、小松屋
ｱｵｿﾞﾗｿｰｳﾞｨ ﾎｰｸｽﾍﾞｲ ｿｰｳﾞｨﾆﾖﾝﾌﾞﾗﾝ 24,FOOD-0221,酒類,小松屋,,ml,0,0,0,0,1800.0,内容量: 750ml / g単価: 2.4 / シート: 名畑、小松屋
ﾌﾞﾗｴﾓｱ ｾﾐﾖﾝ 23 (ﾄｰﾏｽ･ﾜｲﾝｽﾞ) 750ml,FOOD-0222,酒類,小松屋,,ml,0,0,0,0,3360.0,内容量: 750ml / g単価: 4.48 / シート: 名畑、小松屋
芒(NOGI) 白 23 (98WINEs) 750ml,FOOD-0223,酒類,小松屋,,ml,0,0,0,0,3500.0,内容量: 750ml / g単価: 4.6667 / シート: 名畑、小松屋
芒 (NOGI) 赤 23 (98WINEs) 750ml,FOOD-0224,酒類,小松屋,,ml,0,0,0,0,4000.0,内容量: 750ml / g単価: 5.3333 / シート: 名畑、小松屋
D BIB ﾌﾞﾗﾝ (ﾏｽ･ﾄﾞ･ｼﾞｬﾆｰﾆ),FOOD-0225,酒類,小松屋,,ml,0,0,0,0,3430.0,内容量: 3000ml / g単価: 1.1433 / 団体ご予約時に使用。現在使用なし / シート: 名畑、小松屋
D BIB ﾙｰｼﾞｭ (ﾏｽ･ﾄﾞ･ｼﾞｬﾆｰﾆ),FOOD-0226,酒類,小松屋,,ml,0,0,0,0,3430.0,内容量: 3000ml / g単価: 1.1433 / 団体ご予約時に使用。現在使用なし / シート: 名畑、小松屋
ﾒﾙﾛｰ ｶﾍﾞﾙﾈ 20 (信州たかやまﾜｲﾅﾘｰ),FOOD-0227,酒類,小松屋,,ml,0,0,0,0,3000.0,内容量: 750ml / g単価: 4 / 現在使用なし / シート: 名畑、小松屋
ﾒﾙﾛｰ ｶﾍﾞﾙﾈ 21 (信州たかやまﾜｲﾅﾘｰ),FOOD-0228,酒類,小松屋,,ml,0,0,0,0,3300.0,内容量: 750ml / g単価: 4.4 / シート: 名畑、小松屋
ｱﾝｽｰｼｱﾝﾄ ﾙｰｼﾞｭ 23 (ﾚ･ｳﾞｨｰﾆｭ･ﾄﾞ･ｵﾘｳﾞｨｴ,FOOD-0229,酒類,小松屋,,ml,0,0,0,0,1700.0,内容量: 750ml / g単価: 2.2667 / 現在使用なし / シート: 名畑、小松屋
ﾀﾌ ﾅｯﾂ (ﾃﾞﾘﾝｸｴﾝﾃ),FOOD-0230,酒類,小松屋,,ml,0,0,0,0,1890.0,内容量: 750ml / g単価: 2.52 / 現在使用なし / シート: 名畑、小松屋
ｼﾞｪｲﾊﾞｰﾄﾞ 25 (ﾃﾞﾘﾝｸｴﾝﾃ),FOOD-0231,酒類,小松屋,,ml,0,0,0,0,1820.0,内容量: 750ml / g単価: 2.4267 / 現在使用なし / シート: 名畑、小松屋
ﾌﾟﾘﾃｨ ﾎﾞｰｲ 25 (ﾃﾞﾘﾝｸｴﾝﾃ),FOOD-0232,酒類,小松屋,,ml,0,0,0,0,1680.0,内容量: 750ml / g単価: 2.24 / 現在使用なし / シート: 名畑、小松屋
ﾛｺ ｲﾙ ﾊﾞｶﾎﾞﾝﾄﾞ 25 (ﾃﾞﾘﾝｸｴﾝﾃ),FOOD-0233,酒類,小松屋,,ml,0,0,0,0,1820.0,内容量: 750ml / g単価: 2.4267 / 現在使用なし / シート: 名畑、小松屋
ワイルドターキー,FOOD-0234,酒類,名畑,,ml,0,0,0,0,2040.0,内容量: 700ml / g単価: 2.9143 / シート: 名畑、小松屋
ワイルドターキー8年,FOOD-0235,酒類,名畑,,ml,0,0,0,0,3100.0,内容量: 700ml / g単価: 4.4286 / シート: 名畑、小松屋
IWハーパー ゴールドメダル,FOOD-0236,酒類,名畑,,ml,0,0,0,0,2160.0,内容量: 700ml / g単価: 3.0857 / シート: 名畑、小松屋
メーカーズマーク,FOOD-0237,酒類,名畑,,ml,0,0,0,0,2980.0,内容量: 700ml / g単価: 4.2571 / シート: 名畑、小松屋
デュワーズホワイトラベル,FOOD-0238,酒類,名畑,,ml,0,0,0,0,3450.0,内容量: 1750ml / g単価: 1.9714 / シート: 名畑、小松屋
イチローズモルト&グレーン,FOOD-0239,酒類,名畑,,ml,0,0,0,0,3850.0,内容量: 700ml / g単価: 5.5 / シート: 名畑、小松屋
サクラクロノス,FOOD-0240,酒類,名畑,,ml,0,0,0,0,5000.0,内容量: 700ml / g単価: 7.1429 / シート: 名畑、小松屋
富士 シングルグレーン,FOOD-0241,酒類,名畑,,ml,0,0,0,0,5360.0,内容量: 700ml / g単価: 7.6571 / シート: 名畑、小松屋
知多,FOOD-0242,酒類,名畑,,ml,0,0,0,0,5800.0,内容量: 700ml / g単価: 8.2857 / シート: 名畑、小松屋
山崎,FOOD-0243,酒類,名畑,,ml,0,0,0,0,7500.0,内容量: 700ml / g単価: 10.7143 / シート: 名畑、小松屋
白州,FOOD-0244,酒類,名畑,,ml,0,0,0,0,7500.0,内容量: 700ml / g単価: 10.7143 / シート: 名畑、小松屋
響 JAPANESE HARMONY,FOOD-0245,酒類,名畑,,ml,0,0,0,0,8000.0,内容量: 700ml / g単価: 11.4286 / シート: 名畑、小松屋
サントリーVSOP,FOOD-0246,酒類,名畑,,ml,0,0,0,0,2310.0,内容量: 700ml / g単価: 3.3 / シート: 名畑、小松屋
カンパリ,FOOD-0247,酒類,名畑,,ml,0,0,0,0,1590.0,内容量: 750ml / g単価: 2.12 / シート: 名畑、小松屋
スーズ,FOOD-0248,酒類,名畑,,ml,0,0,0,0,2350.0,内容量: 700ml / g単価: 3.3571 / シート: 名畑、小松屋
ティアマリア,FOOD-0249,酒類,名畑,,ml,0,0,0,0,1900.0,内容量: 700ml / g単価: 2.7143 / シート: 名畑、小松屋
コアントロー,FOOD-0250,酒類,名畑,,ml,0,0,0,0,2500.0,内容量: 700ml / g単価: 3.5714 / シート: 名畑、小松屋
アンゴスチュラ オレンジビター,FOOD-0251,酒類,名畑,,ml,0,0,0,0,1820.0,内容量: 100ml / g単価: 18.2 / シート: 名畑、小松屋
アンゴスチュラ ビターズ,FOOD-0252,酒類,名畑,,ml,0,0,0,0,2590.0,内容量: 200ml / g単価: 12.95 / シート: 名畑、小松屋
チンザノ エクストラドライ,FOOD-0253,酒類,名畑,,ml,0,0,0,0,1260.0,内容量: 1000ml / g単価: 1.26 / シート: 名畑、小松屋
マルティーニ エクストラドライ,FOOD-0254,酒類,名畑,,ml,0,0,0,0,1310.0,内容量: 750ml / g単価: 1.7467 / シート: 名畑、小松屋
マルティーニ ロッソ,FOOD-0255,酒類,名畑,,ml,0,0,0,0,1310.0,内容量: 750ml / g単価: 1.7467 / シート: 名畑、小松屋
イノリー・プラット ドライ,FOOD-0256,酒類,名畑,,ml,0,0,0,0,1798.0,内容量: 1000ml / g単価: 1.798 / シート: 名畑、小松屋
千利休 純米酒,FOOD-0257,酒類,名畑,,ml,0,0,0,0,2500.0,内容量: 1800ml / g単価: 1.3889 / シート: 名畑、小松屋
N-888 純米酒,FOOD-0258,酒類,名畑,,ml,0,0,0,0,2600.0,内容量: 1800ml / g単価: 1.4444 / シート: 名畑、小松屋
富誉咲 純米大吟醸,FOOD-0259,酒類,名畑,,ml,0,0,0,0,3014.0,内容量: 1800ml / g単価: 1.6744 / シート: 名畑、小松屋
サッポロ焼酎25度,FOOD-0260,酒類,名畑,,ml,0,0,0,0,1305.0,内容量: 1800ml / g単価: 0.725 / シート: 名畑、小松屋
キンミヤ,FOOD-0261,酒類,名畑,,ml,0,0,0,0,1310.0,内容量: 1800ml / g単価: 0.7278 / シート: 名畑、小松屋
豊音（麦）,FOOD-0262,酒類,名畑,,ml,0,0,0,0,1480.0,内容量: 1800ml / g単価: 0.8222 / シート: 名畑、小松屋
村正（麦）,FOOD-0263,酒類,名畑,,ml,0,0,0,0,2150.0,内容量: 1800ml / g単価: 1.1944 / シート: 名畑、小松屋
富乃宝山（芋）,FOOD-0264,酒類,名畑,,ml,0,0,0,0,3480.0,内容量: 1800ml / g単価: 1.9333 / シート: 名畑、小松屋
宝レモンサワー専用焼酎,FOOD-0265,酒類,名畑,,ml,0,0,0,0,2030.0,内容量: 1800ml / g単価: 1.1278 / シート: 名畑、小松屋
ボンベイサファイヤ,FOOD-0266,酒類,名畑,,ml,0,0,0,0,1760.0,内容量: 750ml / g単価: 2.3467 / シート: 名畑、小松屋
ヘンドリックス,FOOD-0267,酒類,名畑,,ml,0,0,0,0,4420.0,内容量: 700ml / g単価: 6.3143 / シート: 名畑、小松屋
キュロナプエ,FOOD-0268,酒類,名畑,,ml,0,0,0,0,4200.0,内容量: 500ml / g単価: 8.4 / シート: 名畑、小松屋
ROKU,FOOD-0269,酒類,名畑,,ml,0,0,0,0,3680.0,内容量: 700ml / g単価: 5.2571 / シート: 名畑、小松屋
季の美,FOOD-0270,酒類,名畑,,ml,0,0,0,0,3835.0,内容量: 700ml / g単価: 5.4786 / シート: 名畑、小松屋
YUZU GIN,FOOD-0271,酒類,名畑,,ml,0,0,0,0,3900.0,内容量: 750ml / g単価: 5.2 / シート: 名畑、小松屋
エンジン オーガニック,FOOD-0272,酒類,名畑,,ml,0,0,0,0,4842.0,内容量: 750ml / g単価: 6.456 / シート: 名畑、小松屋
ohoro Gin,FOOD-0273,酒類,名畑,,ml,0,0,0,0,4500.0,内容量: 700ml / g単価: 6.4286 / シート: 名畑、小松屋
エリストフ,FOOD-0274,酒類,名畑,,ml,0,0,0,0,1060.0,内容量: 700ml / g単価: 1.5143 / シート: 名畑、小松屋
HAKU,FOOD-0275,酒類,名畑,,ml,0,0,0,0,2730.0,内容量: 700ml / g単価: 3.9 / シート: 名畑、小松屋
グレイグース,FOOD-0276,酒類,名畑,,ml,0,0,0,0,3998.0,内容量: 700ml / g単価: 5.7114 / シート: 名畑、小松屋
バカルディ スペリオール,FOOD-0277,酒類,名畑,,ml,0,0,0,0,1480.0,内容量: 750ml / g単価: 1.9733 / シート: 名畑、小松屋
THE OKINAWA ISKAND  RUM,FOOD-0278,酒類,名畑,,ml,0,0,0,0,2400.0,内容量: 720ml / g単価: 3.3333 / シート: 名畑、小松屋
伊江ラム サンタマリア クリスタル,FOOD-0279,酒類,名畑,,ml,0,0,0,0,2980.0,内容量: 720ml / g単価: 4.1389 / シート: 名畑、小松屋
サンタテレサ １７９６,FOOD-0280,酒類,名畑,,ml,0,0,0,0,6890.0,内容量: 700ml / g単価: 9.8429 / シート: 名畑、小松屋
カミノレアル ゴールド,FOOD-0281,酒類,名畑,,ml,0,0,0,0,2400.0,内容量: 750ml / g単価: 3.2 / シート: 名畑、小松屋
クエルボ1800 レポサド,FOOD-0282,酒類,名畑,,ml,0,0,0,0,4250.0,内容量: 750ml / g単価: 5.6667 / シート: 名畑、小松屋
クエルボ1800 アネホ,FOOD-0283,酒類,名畑,,ml,0,0,0,0,8700.0,内容量: 750ml / g単価: 11.6 / シート: 名畑、小松屋
パトロン シルバー,FOOD-0284,酒類,名畑,,ml,0,0,0,0,6100.0,内容量: 750ml / g単価: 8.1333 / シート: 名畑、小松屋
パトロン レポサド,FOOD-0285,酒類,名畑,,ml,0,0,0,0,7540.0,内容量: 750ml / g単価: 10.0533 / シート: 名畑、小松屋
パトロン アネホ,FOOD-0286,酒類,名畑,,ml,0,0,0,0,8380.0,内容量: 750ml / g単価: 11.1733 / シート: 名畑、小松屋
アハル,FOOD-0287,酒類,名畑,,ml,0,0,0,0,4750.0,内容量: 750ml / g単価: 6.3333 / シート: 名畑、小松屋
サンコスメ エスパディン,FOOD-0288,酒類,名畑,,ml,0,0,0,0,4800.0,内容量: 750ml / g単価: 6.4 / シート: 名畑、小松屋
モエ エ シャンドン ブリュット アンペリアル,FOOD-0289,酒類,名畑,,ml,0,0,0,0,6240.0,内容量: 750ml / g単価: 8.32 / シート: 名畑、小松屋
ヴーヴ クリコ イエローブリュット,FOOD-0290,酒類,名畑,,ml,0,0,0,0,7200.0,内容量: 750ml / g単価: 9.6 / シート: 名畑、小松屋
ニコラ フィアット グラン レゼルブ,FOOD-0291,酒類,名畑,,ml,0,0,0,0,5200.0,内容量: 750ml / g単価: 6.9333 / シート: 名畑、小松屋
新泉3.6牛乳L,TAKANASHI-0001,乳製品、チーズ,タカナシ,,g,0,0,0,0,245.0,内容量: 1000g / g単価: 0.25
有機牛乳,TAKANASHI-0002,乳製品、チーズ,タカナシ,,g,0,0,0,0,450.0,内容量: 1000g / g単価: 0.45
Fクリーム38%1000ML,TAKANASHI-0003,乳製品、チーズ,タカナシ,,g,0,0,0,0,1299.0,内容量: 1000g / g単価: 1.30
新スーパーフレッシュ40,TAKANASHI-0004,乳製品、チーズ,タカナシ,,g,0,0,0,0,1302.0,内容量: 1000g / g単価: 1.30
レクレプレス1000ML,TAKANASHI-0005,乳製品、チーズ,タカナシ,,g,0,0,0,0,680.0,内容量: 1000g / g単価: 0.68
サワークリーム100g,TAKANASHI-0006,乳製品、チーズ,タカナシ,,g,0,0,0,0,253.0,内容量: 100g / g単価: 2.53
タカナシビーンズバニラ2L,TAKANASHI-0007,乳製品、チーズ,タカナシ,,g,0,0,0,0,2200.0,内容量: 2000g / g単価: 1.10
タカナシフロマージュブラン,TAKANASHI-0008,乳製品、チーズ,タカナシ,,g,0,0,0,0,1050.0,内容量: 500g / g単価: 2.10
フェッセル500g,TAKANASHI-0009,乳製品、チーズ,タカナシ,,g,0,0,0,0,1280.0,内容量: 500g / g単価: 2.56
マルサンアイ豆乳グルト400g,TAKANASHI-0010,乳製品、チーズ,タカナシ,,g,0,0,0,0,210.0,内容量: 400g / g単価: 0.53
泰喜ソイホイップL,TAKANASHI-0011,乳製品、チーズ,タカナシ,,g,0,0,0,0,875.0,内容量: 1000g / g単価: 0.88 / 1000ml-6本いり
マリン乳酸バター有塩450G,TAKANASHI-0012,乳製品、チーズ,タカナシ,,g,0,0,0,0,1150.0,内容量: 450g / g単価: 2.56
タカナシ北海道バター冷凍,TAKANASHI-0013,乳製品、チーズ,タカナシ,,g,0,0,0,0,995.0,内容量: 450g / g単価: 2.21
タカナシ北海道リコッタ250G,TAKANASHI-0014,乳製品、チーズ,タカナシ,,g,0,0,0,0,617.0,内容量: 450g / g単価: 1.37
高梨マスカルポーネ250G,TAKANASHI-0015,乳製品、チーズ,タカナシ,,g,0,0,0,0,642.0,内容量: 250g / g単価: 2.57
高梨北海道クリームチーズ,TAKANASHI-0016,乳製品、チーズ,タカナシ,,g,0,0,0,0,1660.0,内容量: 1000g / g単価: 1.66
LLOGアップル1000ML,TAKANASHI-0017,乳製品、チーズ,タカナシ,,g,0,0,0,0,407.0,内容量: 1000g / g単価: 0.41
